<?xml version="1.0" encoding="UTF-8"?>

<solis>
    <description>Simulation data</description>
    <version>1.0-stable</version>

    <user>Solis</user>

    <device>
        <![CDATA[
            PN junction
        ]]>
    </device>

    <temperature>
        <value>300</value>
        <comment>
            <![CDATA[
                room
            ]]>
        </comment>
    </temperature>

    <technique>
        <![CDATA[
            drift-diffusion
        ]]>
    </technique>

    <report>
        <![CDATA[
            I-V calculation with varying doping
        ]]>
    </report>

<!-- end of the document -->
</solis>
